firstName,lastName,email,company,position,salary
Harry,Potter,harrypotter@dataCorp.com,DataCorp,MANAGER,12500
Hermiona,Granger,hermiona.granger@techcorp.com,TechCorp,VICE_PRESIDENT,18500
Adam,Malysz,adam.malysz@othercorp.com,OtherCorp,INTERN,2500
Błędny,Wiersz,blad@firma.com,Firma,NIEISTNIEJACE_STANOWISKO,5000
Inny,Bląd,inny.blad@firma.com,Firma,DEVELOPER,-1000
Za,Mało,Kolumn,OtherCorp,DEVELOPER
